{"count":1,"gauges":{"My Behavior.CumulativeReward":{"count":4,"max":1,"min":0,"value":0,"weightedAverage":0.75}},"self":29.554460799999998,"total":30.0311825,"children":{"AgentSendState":{"count":1456,"self":0.0259568,"total":0.0299455,"children":{"CollectObservations":{"count":146,"self":0.0029909999999999997,"total":0.0029909999999999997,"children":null},"CollectDiscreteActionMasks":{"count":146,"self":0.0009977,"total":0.0009977,"children":null}}},"DecideAction":{"count":1456,"self":0.4318111,"total":0.4318111,"children":null},"AgentAct":{"count":1456,"self":0.0139682,"total":0.0139682,"children":null}}}